feature_name,feature_group,dtype,train_missing_pct,validation_missing_pct,test_missing_pct,overall_missing_pct,train_unique_count,validation_unique_count,test_unique_count,overall_unique_count,train_variance,validation_variance,test_variance,infinite_count,constant_flag,near_constant_flag,extreme_value_flag,coverage_shift_flag,distribution_shift_flag,usability_status,usability_reason
distance_from_200dma,market_ma_distance,float64,13.13,0.84,0.0,8.09,992,353,389,1734,0.032454,0.021328,0.213963,0,False,False,True,False,True,CORE,
distance_from_20dma,market_ma_distance,float64,1.84,0.0,0.0,1.11,1121,356,389,1866,0.002862,0.002185,0.010676,0,False,False,True,False,True,CORE,
distance_from_50dma,market_ma_distance,float64,4.12,0.28,0.0,2.54,1095,355,389,1839,0.006361,0.005326,0.051129,0,False,False,True,False,True,CORE,
drawdown_from_20d_high,market_drawdown,float64,1.84,0.0,0.0,1.11,883,287,341,1509,0.002154,0.002565,0.006668,0,False,False,True,False,False,CORE,
drawdown_from_252d_high,market_drawdown,float64,16.73,1.12,0.25,10.36,854,324,377,1553,0.014977,0.008597,0.034323,0,False,False,False,False,True,CORE,
drawdown_from_60d_high,market_drawdown,float64,4.2,0.28,0.0,2.59,930,307,365,1600,0.005555,0.004135,0.011803,0,False,False,True,False,False,CORE,
fund_a_capex,fundamental_cashflow,float64,100.0,45.22,36.55,76.48,0,49,139,187,,4.524080516093973e+22,5.994211120695374e+22,0,False,False,True,True,False,SPARSE_BUT_VALID,HIGH_MISSINGNESS (76.5%)
fund_a_cash,fundamental_balance,float64,100.0,44.38,36.29,76.27,0,50,140,189,,7.301340323772311e+23,1.0568995060338508e+24,0,False,False,True,True,False,SPARSE_BUT_VALID,HIGH_MISSINGNESS (76.3%)
fund_a_current_assets,fundamental_balance,float64,100.0,55.62,49.24,81.08,0,40,109,148,,5.757593947894012e+23,8.4484601094792e+23,0,False,False,True,True,False,SPARSE_BUT_VALID,HIGH_MISSINGNESS (81.1%)
fund_a_current_liabilities,fundamental_balance,float64,100.0,55.62,49.24,81.08,0,40,109,148,,5.101686118485959e+23,7.267255315213241e+23,0,False,False,True,True,False,SPARSE_BUT_VALID,HIGH_MISSINGNESS (81.1%)
fund_a_eps_diluted,fundamental_income,float64,100.0,44.38,36.55,76.32,0,50,138,187,,2815.983244,6700.957925,0,False,False,True,True,False,SPARSE_BUT_VALID,HIGH_MISSINGNESS (76.3%)
fund_a_equity,fundamental_balance,float64,100.0,44.38,36.55,76.32,0,50,139,188,,1.3973115294087723e+24,2.8649105144727525e+24,0,False,False,True,True,False,SPARSE_BUT_VALID,HIGH_MISSINGNESS (76.3%)
fund_a_free_cash_flow,fundamental_balance,float64,100.0,44.38,36.55,76.32,0,50,139,188,,4.862131817074622e+22,1.00733614977009e+23,0,False,False,True,True,False,SPARSE_BUT_VALID,HIGH_MISSINGNESS (76.3%)
fund_a_gross_profit,fundamental_income,float64,100.0,55.62,48.98,81.03,0,40,110,149,,1.925270722140199e+23,2.6833735844091282e+23,0,False,False,False,True,False,SPARSE_BUT_VALID,HIGH_MISSINGNESS (81.0%)
fund_a_long_term_debt,fundamental_balance,float64,100.0,54.49,50.25,81.08,0,37,99,132,,4.039295689933067e+23,1.2989631328082147e+24,0,False,False,True,True,False,SPARSE_BUT_VALID,HIGH_MISSINGNESS (81.1%)
fund_a_net_income,fundamental_income,float64,100.0,44.38,36.55,76.32,0,50,139,188,,2.2693991257508944e+22,3.693473339009994e+22,0,False,False,False,True,False,SPARSE_BUT_VALID,HIGH_MISSINGNESS (76.3%)
fund_a_operating_cash_flow,fundamental_balance,float64,100.0,46.63,39.09,77.27,0,48,133,180,,9.28569144043499e+22,1.871813776251295e+23,0,False,False,True,True,False,SPARSE_BUT_VALID,HIGH_MISSINGNESS (77.3%)
fund_a_operating_income,fundamental_income,float64,100.0,55.62,48.98,81.03,0,40,110,149,,4.303066711072858e+22,5.816312742511459e+22,0,False,False,True,True,False,SPARSE_BUT_VALID,HIGH_MISSINGNESS (81.0%)
fund_a_revenue,fundamental_income,float64,100.0,44.38,36.55,76.32,0,50,139,188,,2.3918959971501334e+24,2.9681782979168134e+24,0,False,False,True,True,False,SPARSE_BUT_VALID,HIGH_MISSINGNESS (76.3%)
fund_a_shares_outstanding,fundamental_balance,float64,100.0,44.38,36.55,76.32,0,50,118,155,,1.6567824932974449e+19,1.8669751468152537e+19,0,False,False,False,True,False,SPARSE_BUT_VALID,HIGH_MISSINGNESS (76.3%)
fund_a_total_assets,fundamental_balance,float64,100.0,44.38,36.55,76.32,0,50,139,188,,8.907635789455833e+25,1.5158475785844068e+26,0,False,False,True,True,False,SPARSE_BUT_VALID,HIGH_MISSINGNESS (76.3%)
fund_a_total_debt,fundamental_balance,float64,100.0,45.51,37.82,76.8,0,49,136,182,,1.1834435269889326e+24,2.3930881556981232e+24,0,False,False,True,True,False,SPARSE_BUT_VALID,HIGH_MISSINGNESS (76.8%)
fund_asset_turnover,fundamental_balance,float64,100.0,100.0,71.57,94.08,0,0,108,108,,,0.012294,0,False,False,False,False,False,SPARSE_BUT_VALID,HIGH_MISSINGNESS (94.1%)
fund_capex,fundamental_cashflow,float64,100.0,100.0,94.92,98.94,0,0,19,19,,,2.3218910090394733e+21,0,False,False,True,False,False,SPARSE_BUT_VALID,HIGH_MISSINGNESS (98.9%)
fund_cash,fundamental_balance,float64,100.0,100.0,68.02,93.34,0,0,121,121,,,1.1729061710042918e+24,0,False,False,True,True,False,SPARSE_BUT_VALID,HIGH_MISSINGNESS (93.3%)
fund_cash_and_sti,fundamental_balance,float64,100.0,100.0,74.37,94.66,0,0,98,98,,,1.6015499276350175e+23,0,False,False,True,False,False,SPARSE_BUT_VALID,HIGH_MISSINGNESS (94.7%)
fund_cash_to_debt,fundamental_balance,float64,100.0,100.0,69.54,93.66,0,0,116,116,,,8.302882,0,False,False,True,True,False,SPARSE_BUT_VALID,HIGH_MISSINGNESS (93.7%)
fund_cf_net_income,fundamental_income,float64,100.0,100.0,94.92,98.94,0,0,19,19,,,2.7779890977789476e+21,0,False,False,False,False,False,SPARSE_BUT_VALID,HIGH_MISSINGNESS (98.9%)
fund_change_in_working_capital,fundamental_balance,float64,100.0,100.0,94.92,98.94,0,0,19,19,,,2.271338225157895e+20,0,False,False,False,False,False,SPARSE_BUT_VALID,HIGH_MISSINGNESS (98.9%)
fund_cost_of_revenue,fundamental_income,float64,100.0,100.0,61.17,91.91,0,0,134,134,,,1.1849105681105642e+23,0,False,False,True,True,False,SPARSE_BUT_VALID,HIGH_MISSINGNESS (91.9%)
fund_current_assets,fundamental_balance,float64,100.0,100.0,77.92,95.4,0,0,86,86,,,8.578839287748848e+23,0,False,False,True,False,False,SPARSE_BUT_VALID,HIGH_MISSINGNESS (95.4%)
fund_current_debt,fundamental_balance,float64,100.0,100.0,78.93,95.61,0,0,80,80,,,1.0835031102923132e+23,0,False,False,False,False,False,SPARSE_BUT_VALID,HIGH_MISSINGNESS (95.6%)
fund_current_liabilities,fundamental_balance,float64,100.0,100.0,77.92,95.4,0,0,86,86,,,7.845929696701194e+23,0,False,False,True,False,False,SPARSE_BUT_VALID,HIGH_MISSINGNESS (95.4%)
fund_current_ratio,fundamental_derived,float64,100.0,100.0,77.92,95.4,0,0,86,86,,,0.522337,0,False,False,False,False,False,SPARSE_BUT_VALID,HIGH_MISSINGNESS (95.4%)
fund_debt_to_equity,fundamental_balance,float64,100.0,100.0,69.54,93.66,0,0,116,116,,,2.049396,0,False,False,True,True,False,SPARSE_BUT_VALID,HIGH_MISSINGNESS (93.7%)
fund_depreciation_amortization,fundamental_cashflow,float64,100.0,100.0,94.92,98.94,0,0,19,19,,,1.996735527713158e+21,0,False,False,True,False,False,SPARSE_BUT_VALID,HIGH_MISSINGNESS (98.9%)
fund_ebit,fundamental_income,float64,100.0,100.0,58.63,91.38,0,0,144,144,,,5.245999137057153e+21,0,False,False,False,True,False,SPARSE_BUT_VALID,HIGH_MISSINGNESS (91.4%)
fund_ebitda,fundamental_income,float64,100.0,100.0,59.64,91.6,0,0,140,140,,,6.467916503160834e+21,0,False,False,False,True,False,SPARSE_BUT_VALID,HIGH_MISSINGNESS (91.6%)
fund_ebitda_margin,fundamental_income,float64,100.0,100.0,59.64,91.6,0,0,140,140,,,0.028348,0,False,False,False,True,False,SPARSE_BUT_VALID,HIGH_MISSINGNESS (91.6%)
fund_eps_basic,fundamental_income,float64,100.0,100.0,49.75,89.53,0,0,168,168,,,720.394978,0,False,False,False,True,False,SPARSE_BUT_VALID,HIGH_MISSINGNESS (89.5%)
fund_eps_diluted,fundamental_income,float64,100.0,100.0,49.49,89.48,0,0,173,173,,,717.363293,0,False,False,False,True,False,SPARSE_BUT_VALID,HIGH_MISSINGNESS (89.5%)
fund_eps_growth_qoq,fundamental_income,float64,100.0,100.0,63.96,92.49,0,0,121,121,,,0.785441,0,False,False,True,True,False,SPARSE_BUT_VALID,HIGH_MISSINGNESS (92.5%)
fund_eps_growth_yoy,fundamental_income,float64,100.0,100.0,97.46,99.47,0,0,10,10,,,0.108705,0,False,False,False,False,False,SPARSE_BUT_VALID,HIGH_MISSINGNESS (99.5%)
fund_equity,fundamental_balance,float64,100.0,100.0,68.27,93.39,0,0,120,120,,,3.831289073348153e+24,0,False,False,False,True,False,SPARSE_BUT_VALID,HIGH_MISSINGNESS (93.4%)
fund_fcf_margin,fundamental_income,float64,100.0,100.0,95.18,99.0,0,0,18,18,,,0.006994,0,False,False,False,False,False,SPARSE_BUT_VALID,HIGH_MISSINGNESS (99.0%)
fund_fcf_to_debt,fundamental_balance,float64,100.0,100.0,95.18,99.0,0,0,18,18,,,0.265406,0,False,False,False,False,False,SPARSE_BUT_VALID,HIGH_MISSINGNESS (99.0%)
fund_financing_cash_flow,fundamental_balance,float64,100.0,100.0,94.92,98.94,0,0,19,19,,,6.906218248326316e+21,0,False,False,False,False,False,SPARSE_BUT_VALID,HIGH_MISSINGNESS (98.9%)
fund_free_cash_flow,fundamental_balance,float64,100.0,100.0,94.92,98.94,0,0,19,19,,,4.0504480603447367e+21,0,False,False,False,False,False,SPARSE_BUT_VALID,HIGH_MISSINGNESS (98.9%)
fund_gross_profit,fundamental_income,float64,100.0,100.0,60.66,91.81,0,0,136,136,,,2.6415384724074547e+22,0,False,False,False,True,False,SPARSE_BUT_VALID,HIGH_MISSINGNESS (91.8%)
fund_interest_expense,fundamental_income,float64,100.0,100.0,51.52,89.9,0,0,168,168,,,1.5933090709762717e+22,0,False,False,True,True,False,SPARSE_BUT_VALID,HIGH_MISSINGNESS (89.9%)
fund_interest_income,fundamental_income,float64,100.0,100.0,87.31,97.36,0,0,47,47,,,1.3050461082573652e+23,0,False,False,False,False,False,SPARSE_BUT_VALID,HIGH_MISSINGNESS (97.4%)
fund_investing_cash_flow,fundamental_balance,float64,100.0,100.0,94.92,98.94,0,0,19,19,,,5.781924098260527e+21,0,False,False,False,False,False,SPARSE_BUT_VALID,HIGH_MISSINGNESS (98.9%)
fund_long_term_debt,fundamental_balance,float64,100.0,100.0,77.92,95.4,0,0,80,80,,,1.9033397465689673e+24,0,False,False,False,False,False,SPARSE_BUT_VALID,HIGH_MISSINGNESS (95.4%)
fund_net_debt,fundamental_balance,float64,100.0,100.0,75.89,94.98,0,0,92,92,,,1.4368151148779342e+24,0,False,False,False,False,False,SPARSE_BUT_VALID,HIGH_MISSINGNESS (95.0%)
fund_net_income,fundamental_income,float64,100.0,100.0,48.98,89.38,0,0,178,178,,,4.951233032128589e+21,0,False,False,True,True,False,SPARSE_BUT_VALID,HIGH_MISSINGNESS (89.4%)
fund_net_income_common,fundamental_income,float64,100.0,100.0,49.75,89.53,0,0,177,177,,,5.026225866356514e+21,0,False,False,True,True,False,SPARSE_BUT_VALID,HIGH_MISSINGNESS (89.5%)
fund_net_income_growth_qoq,fundamental_income,float64,100.0,100.0,61.93,92.07,0,0,128,128,,,2.905955,0,False,False,True,True,False,SPARSE_BUT_VALID,HIGH_MISSINGNESS (92.1%)
fund_net_income_growth_yoy,fundamental_income,float64,100.0,100.0,97.97,99.58,0,0,8,8,,,0.18236,0,False,False,False,False,False,SPARSE_BUT_VALID,HIGH_MISSINGNESS (99.6%)
fund_net_margin,fundamental_income,float64,100.0,100.0,48.98,89.38,0,0,178,178,,,0.017659,0,False,False,False,True,False,SPARSE_BUT_VALID,HIGH_MISSINGNESS (89.4%)
fund_normalized_ebitda,fundamental_income,float64,100.0,100.0,59.64,91.6,0,0,140,140,,,6.525033226464343e+21,0,False,False,False,True,False,SPARSE_BUT_VALID,HIGH_MISSINGNESS (91.6%)
fund_normalized_income,fundamental_income,float64,100.0,100.0,48.98,89.38,0,0,178,178,,,2.4972782596768625e+21,0,False,False,False,True,False,SPARSE_BUT_VALID,HIGH_MISSINGNESS (89.4%)
fund_operating_cash_flow,fundamental_balance,float64,100.0,100.0,94.92,98.94,0,0,19,19,,,9.92295270188421e+21,0,False,False,False,False,False,SPARSE_BUT_VALID,HIGH_MISSINGNESS (98.9%)
fund_operating_expense,fundamental_income,float64,100.0,100.0,54.06,90.43,0,0,160,160,,,1.7849814922555057e+22,0,False,False,True,True,False,SPARSE_BUT_VALID,HIGH_MISSINGNESS (90.4%)
fund_operating_income,fundamental_income,float64,100.0,100.0,59.64,91.6,0,0,140,140,,,5.694283439520822e+21,0,False,False,False,True,False,SPARSE_BUT_VALID,HIGH_MISSINGNESS (91.6%)
fund_operating_margin,fundamental_income,float64,100.0,100.0,59.9,91.65,0,0,139,139,,,0.017974,0,False,False,True,True,False,SPARSE_BUT_VALID,HIGH_MISSINGNESS (91.6%)
fund_operating_revenue,fundamental_income,float64,100.0,100.0,50.76,89.75,0,0,172,172,,,2.0646155696560554e+23,0,False,False,True,True,False,SPARSE_BUT_VALID,HIGH_MISSINGNESS (89.7%)
fund_pretax_income,fundamental_income,float64,100.0,100.0,48.98,89.38,0,0,178,178,,,4.749157851721219e+21,0,False,False,False,True,False,SPARSE_BUT_VALID,HIGH_MISSINGNESS (89.4%)
fund_retained_earnings,fundamental_balance,float64,100.0,100.0,73.86,94.56,0,0,99,99,,,5.200556541884078e+23,0,False,False,False,False,False,SPARSE_BUT_VALID,HIGH_MISSINGNESS (94.6%)
fund_revenue,fundamental_income,float64,100.0,100.0,48.98,89.38,0,0,178,178,,,2.013123665771802e+23,0,False,False,True,True,False,SPARSE_BUT_VALID,HIGH_MISSINGNESS (89.4%)
fund_revenue_growth_qoq,fundamental_income,float64,100.0,100.0,61.93,92.07,0,0,128,128,,,0.033776,0,False,False,True,True,False,SPARSE_BUT_VALID,HIGH_MISSINGNESS (92.1%)
fund_revenue_growth_yoy,fundamental_income,float64,100.0,100.0,97.97,99.58,0,0,8,8,,,0.004516,0,False,False,False,False,False,SPARSE_BUT_VALID,HIGH_MISSINGNESS (99.6%)
fund_roa,fundamental_derived,float64,100.0,100.0,71.57,94.08,0,0,108,108,,,0.000757,0,False,False,True,False,False,SPARSE_BUT_VALID,HIGH_MISSINGNESS (94.1%)
fund_roce,fundamental_derived,float64,100.0,100.0,79.95,95.82,0,0,78,78,,,0.0016,0,False,False,False,False,False,SPARSE_BUT_VALID,HIGH_MISSINGNESS (95.8%)
fund_roe,fundamental_derived,float64,100.0,100.0,71.57,94.08,0,0,108,108,,,0.006912,0,False,False,True,False,False,SPARSE_BUT_VALID,HIGH_MISSINGNESS (94.1%)
fund_sga,fundamental_income,float64,100.0,100.0,87.56,97.41,0,0,45,45,,,1.7042902170979269e+22,0,False,False,True,False,False,SPARSE_BUT_VALID,HIGH_MISSINGNESS (97.4%)
fund_shares_basic,fundamental_balance,float64,100.0,100.0,49.75,89.53,0,0,175,175,,,1.605992345171972e+19,0,False,False,False,True,False,SPARSE_BUT_VALID,HIGH_MISSINGNESS (89.5%)
fund_shares_diluted,fundamental_balance,float64,100.0,100.0,49.75,89.53,0,0,175,175,,,1.7332218016501891e+19,0,False,False,False,True,False,SPARSE_BUT_VALID,HIGH_MISSINGNESS (89.5%)
fund_shares_outstanding,fundamental_balance,float64,100.0,100.0,67.01,93.13,0,0,108,108,,,2.042816087162527e+19,0,False,False,False,True,False,SPARSE_BUT_VALID,HIGH_MISSINGNESS (93.1%)
fund_tax_provision,fundamental_income,float64,100.0,100.0,48.98,89.38,0,0,177,177,,,3.546474811363975e+20,0,False,False,False,True,False,SPARSE_BUT_VALID,HIGH_MISSINGNESS (89.4%)
fund_total_assets,fundamental_balance,float64,100.0,100.0,68.27,93.39,0,0,120,120,,,2.7082009323092245e+26,0,False,False,True,True,False,SPARSE_BUT_VALID,HIGH_MISSINGNESS (93.4%)
fund_total_debt,fundamental_balance,float64,100.0,100.0,69.54,93.66,0,0,114,114,,,3.254910497716442e+24,0,False,False,False,True,False,SPARSE_BUT_VALID,HIGH_MISSINGNESS (93.7%)
fund_total_equity,fundamental_balance,float64,100.0,100.0,68.27,93.39,0,0,120,120,,,4.822166702714521e+24,0,False,False,True,True,False,SPARSE_BUT_VALID,HIGH_MISSINGNESS (93.4%)
fund_total_liabilities,fundamental_balance,float64,100.0,100.0,68.27,93.39,0,0,120,120,,,2.1923980337402894e+26,0,False,False,True,True,False,SPARSE_BUT_VALID,HIGH_MISSINGNESS (93.4%)
fund_working_capital,fundamental_balance,float64,100.0,100.0,77.92,95.4,0,0,86,86,,,1.1021038503512684e+23,0,False,False,False,False,False,SPARSE_BUT_VALID,HIGH_MISSINGNESS (95.4%)
prior_abn_ret_1d_mean_2,prior_earnings,float64,4.55,11.8,0.51,5.07,1090,314,392,1796,0.000203,0.000127,0.000152,0,False,False,False,False,False,CORE,
prior_abn_ret_1d_mean_4,prior_earnings,float64,5.34,1.97,0.76,3.75,1081,349,391,1821,0.000109,9.2e-05,7.4e-05,0,False,False,False,False,False,CORE,
prior_abn_ret_1d_mean_8,prior_earnings,float64,6.65,2.81,2.03,4.97,1066,346,386,1798,6.6e-05,5.3e-05,3.6e-05,0,False,False,False,False,False,CORE,
prior_abn_ret_1d_median_4,prior_earnings,float64,5.34,1.97,0.76,3.75,868,316,318,1481,9.5e-05,8.9e-05,6.5e-05,0,False,False,False,False,False,CORE,
prior_abn_ret_1d_median_8,prior_earnings,float64,6.65,2.81,2.03,4.97,685,240,271,1147,6.1e-05,4.2e-05,3.1e-05,0,False,False,True,False,False,CORE,
prior_abn_ret_1d_std_4,prior_earnings,float64,9.11,2.25,0.76,6.08,1038,348,391,1777,0.000117,7.7e-05,8.4e-05,0,False,False,False,False,True,CORE,
prior_abn_ret_1d_std_8,prior_earnings,float64,10.42,2.81,2.03,7.24,1023,346,386,1755,7.6e-05,7.5e-05,5.4e-05,0,False,False,False,False,True,CORE,
prior_abn_ret_3d_mean_2,prior_earnings,float64,4.55,11.8,0.51,5.07,1090,314,392,1796,0.000533,0.000331,0.000368,0,False,False,False,False,True,CORE,
prior_abn_ret_3d_mean_4,prior_earnings,float64,5.34,1.97,0.76,3.75,1081,349,391,1821,0.000294,0.000246,0.000163,0,False,False,False,False,True,CORE,
prior_abn_ret_3d_mean_8,prior_earnings,float64,6.65,2.81,2.03,4.97,1066,346,386,1798,0.000184,0.000142,6.6e-05,0,False,False,False,False,True,CORE,
prior_abn_ret_3d_median_4,prior_earnings,float64,5.34,1.97,0.76,3.75,861,321,319,1473,0.000293,0.000238,0.000173,0,False,False,False,False,True,CORE,
prior_abn_ret_3d_median_8,prior_earnings,float64,6.65,2.81,2.03,4.97,686,240,254,1128,0.000187,0.000119,7e-05,0,False,False,False,False,True,CORE,
prior_abn_ret_3d_std_4,prior_earnings,float64,9.11,2.25,0.76,6.08,1038,348,391,1777,0.000257,0.000227,0.000168,0,False,False,False,False,True,CORE,
prior_abn_ret_3d_std_8,prior_earnings,float64,10.42,2.81,2.03,7.24,1023,346,386,1755,0.000159,0.000154,8.8e-05,0,False,False,False,False,True,CORE,
prior_abn_ret_5d_mean_2,prior_earnings,float64,4.55,11.8,0.51,5.07,1090,314,392,1796,0.000839,0.000605,0.000515,0,False,False,False,False,True,CORE,
prior_abn_ret_5d_mean_4,prior_earnings,float64,5.34,1.97,0.76,3.75,1081,349,391,1821,0.000488,0.00047,0.000225,0,False,False,False,False,True,CORE,
prior_abn_ret_5d_mean_8,prior_earnings,float64,6.65,2.81,2.03,4.97,1066,346,386,1798,0.000302,0.000236,9.8e-05,0,False,False,False,False,True,CORE,
prior_abn_ret_5d_median_4,prior_earnings,float64,5.34,1.97,0.76,3.75,855,318,328,1475,0.000491,0.00047,0.000236,0,False,False,False,False,True,CORE,
prior_abn_ret_5d_median_8,prior_earnings,float64,6.65,2.81,2.03,4.97,691,250,255,1155,0.000321,0.00022,9.5e-05,0,False,False,False,False,True,CORE,
prior_abn_ret_5d_std_4,prior_earnings,float64,9.11,2.25,0.76,6.08,1038,348,391,1777,0.000348,0.000379,0.000225,0,False,False,False,False,True,CORE,
prior_abn_ret_5d_std_8,prior_earnings,float64,10.42,2.81,2.03,7.24,1023,346,386,1755,0.000218,0.000274,0.000126,0,False,False,False,False,True,CORE,
prior_avg_reaction_magnitude_2,prior_earnings,float64,4.55,11.8,0.51,5.07,1090,314,392,1796,0.000376,0.000321,0.00025,0,False,False,True,False,True,CORE,
prior_avg_reaction_magnitude_4,prior_earnings,float64,5.34,1.97,0.76,3.75,1081,349,391,1821,0.000214,0.000245,0.00012,0,False,False,False,False,True,CORE,
prior_avg_reaction_magnitude_8,prior_earnings,float64,6.65,2.81,2.03,4.97,1066,346,386,1798,0.000133,0.000151,5.7e-05,0,False,False,False,False,True,CORE,
prior_days_since_last,prior_earnings,float64,0.35,0.56,0.0,0.32,3,3,4,4,0.551067,0.677454,101.527208,0,False,False,True,False,True,CORE,
prior_earnings_count,prior_earnings,int64,0.0,0.0,0.0,0.0,71,63,72,89,,,,0,False,False,False,False,False,CORE,
prior_last_abn_ret_1d,prior_earnings,float64,4.29,13.2,7.61,6.66,1093,309,364,1766,0.000397,0.000186,0.000269,0,False,False,True,False,False,CORE,
prior_last_abn_ret_3d,prior_earnings,float64,4.29,13.2,7.61,6.66,1093,309,364,1766,0.001009,0.000525,0.000611,0,False,False,False,False,True,CORE,
prior_last_abn_ret_5d,prior_earnings,float64,4.29,13.2,7.61,6.66,1093,309,364,1766,0.001562,0.00088,0.000928,0,False,False,False,False,True,CORE,
prior_last_reaction_class,prior_earnings,str,4.29,13.2,7.61,6.66,3,3,3,3,,,,0,False,False,False,False,False,CORE,
prior_negative_rate_4,prior_earnings,float64,1.58,1.97,0.51,1.43,4,4,4,4,0.039751,0.025717,0.032217,0,False,False,False,False,False,CORE,
prior_negative_rate_8,prior_earnings,float64,2.89,2.81,2.03,2.7,6,6,6,6,0.020237,0.015529,0.015566,0,False,False,False,False,False,CORE,
prior_neutral_rate_4,prior_earnings,float64,1.58,1.97,0.51,1.43,5,5,5,5,0.078514,0.080969,0.066541,0,False,False,False,False,True,CORE,
prior_neutral_rate_8,prior_earnings,float64,2.89,2.81,2.03,2.7,9,9,9,9,0.059546,0.035609,0.030662,0,False,False,False,False,True,CORE,
prior_positive_rate_4,prior_earnings,float64,1.58,1.97,0.51,1.43,4,4,4,4,0.042638,0.02752,0.03422,0,False,False,False,False,True,CORE,
prior_positive_rate_8,prior_earnings,float64,2.89,2.81,2.03,2.7,6,5,5,6,0.02387,0.015442,0.0155,0,False,False,False,False,False,CORE,
prior_reaction_streak,prior_earnings,float64,0.35,0.56,0.0,0.32,19,13,8,19,3.574232,3.212465,1.730952,0,False,False,False,False,False,CORE,
prior_reaction_trend_4,prior_earnings,float64,9.11,2.25,0.76,6.08,79,58,62,81,0.127048,0.328378,0.11394,0,False,False,False,False,True,CORE,
prior_reaction_trend_8,prior_earnings,float64,10.42,2.81,2.03,7.24,364,183,187,491,0.063186,0.01799,0.011356,0,False,False,True,False,False,CORE,
relative_return_10d,market_relative,float64,0.26,0.0,0.0,0.16,1139,356,394,1889,0.003533,0.003125,0.054453,0,False,False,True,False,False,CORE,
relative_return_1d,market_relative,float64,0.0,0.0,0.0,0.0,1142,356,394,1892,0.001134,0.000913,0.000175,0,False,False,True,False,True,CORE,
relative_return_20d,market_relative,float64,2.28,0.0,0.0,1.37,1116,356,394,1866,0.079279,0.0052,0.327574,0,False,False,True,False,False,CORE,
relative_return_3d,market_relative,float64,0.0,0.0,0.0,0.0,1142,356,394,1892,0.001756,0.001323,0.000443,0,False,False,False,False,True,CORE,
relative_return_5d,market_relative,float64,0.0,0.0,0.0,0.0,1142,356,394,1892,0.002279,0.001634,0.000813,0,False,False,False,False,True,CORE,
relative_return_60d,market_relative,float64,4.2,0.28,0.0,2.59,1094,355,394,1843,0.021507,0.014997,0.328609,0,False,False,True,False,False,CORE,
return_10d,market_returns,float64,0.26,0.0,0.0,0.16,1139,356,389,1884,0.004304,0.003534,0.055778,0,False,False,True,False,True,CORE,
return_1d,market_returns,float64,0.0,0.0,0.0,0.0,1141,356,387,1883,0.001221,0.000971,0.000236,0,False,False,False,False,True,CORE,
return_20d,market_returns,float64,2.28,0.0,0.0,1.37,1116,356,389,1861,0.008466,0.006384,0.333774,0,False,False,True,False,True,CORE,
return_3d,market_returns,float64,0.0,0.0,0.0,0.0,1142,356,389,1886,0.002048,0.001503,0.000587,0,False,False,False,False,True,CORE,
return_5d,market_returns,float64,0.0,0.0,0.0,0.0,1141,356,389,1885,0.002696,0.001942,0.001077,0,False,False,False,False,True,CORE,
return_60d,market_returns,float64,4.2,0.28,0.0,2.59,1094,355,389,1838,0.028703,0.019403,0.342869,0,False,False,True,False,True,CORE,
val_earnings_yield,valuation,float64,100.0,44.38,4.82,69.71,0,198,371,569,,0.001209,0.000739,0,False,False,True,True,False,SPARSE_BUT_VALID,HIGH_MISSINGNESS (69.7%)
val_ev,valuation,float64,100.0,45.51,28.43,74.84,0,194,278,472,,1.251023111410939e+25,5.335659045107414e+25,0,False,False,True,True,False,SPARSE_BUT_VALID,HIGH_MISSINGNESS (74.8%)
val_ev_ebitda,valuation,float64,100.0,100.0,79.95,95.82,0,0,79,79,,,906924.443087,0,False,False,True,False,False,SPARSE_BUT_VALID,HIGH_MISSINGNESS (95.8%)
val_market_cap,valuation,float64,100.0,44.38,2.54,69.24,0,198,380,578,,1.0122134577836963e+25,3.7831261448580388e+25,0,False,False,True,True,False,SPARSE_BUT_VALID,HIGH_MISSINGNESS (69.2%)
val_pb,valuation,float64,100.0,44.38,26.4,74.21,0,198,286,484,,8587.155165,10598.898662,0,False,False,True,True,False,SPARSE_BUT_VALID,HIGH_MISSINGNESS (74.2%)
val_pcf,valuation,float64,100.0,100.0,94.92,98.94,0,0,20,20,,,5173656.505976,0,False,False,True,False,False,SPARSE_BUT_VALID,HIGH_MISSINGNESS (98.9%)
val_pe,valuation,float64,100.0,44.38,4.82,69.71,0,198,371,569,,584554.970477,551032.703849,0,False,False,True,True,False,SPARSE_BUT_VALID,HIGH_MISSINGNESS (69.7%)
val_ps,valuation,float64,100.0,100.0,48.98,89.38,0,0,201,201,,,24301.002951,0,False,False,True,True,False,SPARSE_BUT_VALID,HIGH_MISSINGNESS (89.4%)
volatility_20d,market_volatility,float64,2.28,0.0,0.0,1.37,1116,356,389,1861,0.017494,0.01806,4.118287,0,False,False,True,False,True,CORE,
volatility_5d,market_volatility,float64,0.0,0.0,0.0,0.0,1142,356,389,1887,0.034787,0.045275,0.01076,0,False,False,True,False,True,CORE,
volatility_60d,market_volatility,float64,4.2,0.28,0.0,2.59,1094,355,389,1838,0.015376,0.011609,1.356909,0,False,False,True,False,True,CORE,
volume_ratio_20d,market_volume,float64,1.84,0.0,0.0,1.11,1121,356,389,1866,4.972265,2.439676,0.302139,0,False,False,True,False,True,CORE,
volume_ratio_5d,market_volume,float64,0.0,0.0,0.0,0.0,1142,356,389,1887,7.773339,2.467215,0.325673,0,False,False,True,False,True,CORE,
volume_zscore_20d,market_volume,float64,1.84,0.0,0.0,1.11,1121,356,389,1866,24.388055,15.103433,1.424531,0,False,False,True,False,True,CORE,
volume_zscore_5d,market_volume,float64,0.0,0.0,0.0,0.0,1142,356,389,1887,85.458257,37.282355,11.680505,0,False,False,True,False,True,CORE,
